Workbook

Sheet Id
B1: Full Name | C1: Rank
B2: Arjun Sharma | C2: 1
B3: Deepak Verma | C3: 2
B4: Anjali Gupta | C4: 3
B5: Sneha Malhotra | C5: 4
B6: Rahul Iyer | C6: 5
B7: Kavita Reddy | C7: 6
B8: Sanjay Patel | C8: 7
B9: Meera Singh | C9: 8
B10: Vikram Joshi | C10: 9
B11: Pooja Mishra | C11: 10
B12: Rohan Deshmukh | C12: 11
B13: Sunita Nair | C13: 12
... B31: Sakshi Mishra | C31: 30

Sheet Teacher
D2: email | E2: name | G2: phone
D3: arjun.sharma@school.com | E3: Arjun Sharma | F3: =VLOOKUP(E3,Id!$B$2:$C$31,2,) -> 1 | G3: 9876543210
D4: deepak.verma@school.com | E4: Deepak Verma | F4: =VLOOKUP(E4,Id!$B$2:$C$31,2,) -> 2 | G4: 9876543211
D5: anjali.gupta@school.com | E5: Anjali Gupta | F5: =VLOOKUP(E5,Id!$B$2:$C$31,2,) -> 3 | G5: 9876543212
D6: sneha.malhotra@school.com | E6: Sneha Malhotra | F6: =VLOOKUP(E6,Id!$B$2:$C$31,2,) -> 4 | G6: 9876543213
D7: rahul.iyer@school.com | E7: Rahul Iyer | F7: =VLOOKUP(E7,Id!$B$2:$C$31,2,) -> 5 | G7: 9876543214
D8: kavita.reddy@school.com | E8: Kavita Reddy | F8: =VLOOKUP(E8,Id!$B$2:$C$31,2,) -> 6 | G8: 9876543215
D9: sanjay.patel@school.com | E9: Sanjay Patel | F9: =VLOOKUP(E9,Id!$B$2:$C$31,2,) -> 7 | G9: 9876543216
D10: meera.singh@school.com | E10: Meera Singh | F10: =VLOOKUP(E10,Id!$B$2:$C$31,2,) -> 8 | G10: 9876543217
D11: vikram.joshi@school.com | E11: Vikram Joshi | F11: =VLOOKUP(E11,Id!$B$2:$C$31,2,) -> 9 | G11: 9876543218
D12: pooja.mishra@school.com | E12: Pooja Mishra | F12: =VLOOKUP(E12,Id!$B$2:$C$31,2,) -> 10 | G12: 9876543219
D13: rohan.deshmukh@school.com | E13: Rohan Deshmukh | F13: =VLOOKUP(E13,Id!$B$2:$C$31,2,) -> 11 | G13: 9876543220
D14: sunita.nair@school.com | E14: Sunita Nair | F14: =VLOOKUP(E14,Id!$B$2:$C$31,2,) -> 12 | G14: 9876543221
... D32: sakshi.mishra@school.com | E32: Sakshi Mishra | F32: =VLOOKUP(E32,Id!$B$2:$C$31,2,) -> 30 | G32: 9876543239

Sheet Assignment
A1: teacher_email | B1: Name | C1: ID | D1: class_name | E1: subject
A2: kavita.reddy@school.com | B2: =+VLOOKUP(A2,Teacher!$D$3:$F$32,2,) -> Kavita Reddy | C2: =VLOOKUP(A2,Teacher!D3:F32,3,2) -> 3 | D2: 1A | E2: History
A3: manoj.trivedi@school.com | B3: =+VLOOKUP(A3,Teacher!$D$3:$E$32,2,2) -> Anjali Gupta | C3: =VLOOKUP(A3,Teacher!D4:F33,3,2) -> 24 | D3: 1A | E3: Physics
A4: kiran.rao@school.com | B4: =+VLOOKUP(A4,Teacher!$D$3:$E$32,2,2) -> Anjali Gupta | C4: =VLOOKUP(A4,Teacher!D5:F34,3,2) -> 3 | D4: 1A | E4: Chemistry
A5: vinay.iyer@school.com | B5: =+VLOOKUP(A5,Teacher!$D$3:$E$32,2,2) -> Sakshi Mishra | C5: =VLOOKUP(A5,Teacher!D6:F35,3,2) -> 30 | D5: 1A | E5: English
A6: sakshi.mishra@school.com | B6: =+VLOOKUP(A6,Teacher!$D$3:$E$32,2,2) -> Kavita Reddy | C6: =VLOOKUP(A6,Teacher!D7:F36,3,2) -> 30 | D6: 1A | E6: Geography
A7: pooja.mishra@school.com | B7: =+VLOOKUP(A7,Teacher!$D$3:$F$32,2,) -> Pooja Mishra | C7: =VLOOKUP(A7,Teacher!D8:F37,3,2) -> 24 | D7: 1A | E7: Mathematics
A8: shweta.pandey@school.com | B8: =+VLOOKUP(A8,Teacher!$D$3:$F$32,2,) -> Shweta Pandey | C8: =VLOOKUP(A8,Teacher!D9:F38,3,2) -> 20 | D8: 1A | E8: Science
A9: anjali.gupta@school.com | B9: =+VLOOKUP(A9,Teacher!$D$3:$F$32,2,) -> Anjali Gupta | C9: =VLOOKUP(A9,Teacher!D10:F39,3,2) -> #N/A | D9: 1A | E9: Computer Science
A10: lata.gupta@school.com | B10: =+VLOOKUP(A10,Teacher!$D$3:$F$32,2,) -> Lata Gupta | C10: =VLOOKUP(A10,Teacher!D11:F40,3,2) -> 23 | D10: 1B | E10: Mathematics
A11: sneha.malhotra@school.com | B11: =+VLOOKUP(A11,Teacher!$D$3:$F$32,2,) -> Sneha Malhotra | C11: =VLOOKUP(A11,Teacher!D12:F41,3,2) -> 30 | D11: 1B | E11: English
A12: amit.saxena@school.com | B12: =+VLOOKUP(A12,Teacher!$D$3:$F$32,2,) -> Amit Saxena | C12: =VLOOKUP(A12,Teacher!D13:F42,3,2) -> 13 | D12: 1B | E12: Geography
A13: priyanka.singh@school.com | B13: =+VLOOKUP(A13,Teacher!$D$3:$F$32,2,) -> Priyanka Singh | C13: =VLOOKUP(A13,Teacher!D14:F43,3,2) -> 28 | D13: 1B | E13: History
A14: vijay.kapoor@school.com | B14: =+VLOOKUP(A14,Teacher!$D$3:$F$32,2,) -> Vijay Kapoor | C14: =VLOOKUP(A14,Teacher!D15:F44,3,2) -> 30 | D14: 1B | E14: Physics
A15: aarti.bose@school.com | B15: =+VLOOKUP(A15,Teacher!$D$3:$F$32,2,) -> Aarti Bose | C15: =VLOOKUP(A15,Teacher!D16:F45,3,2) -> 16 | D15: 1B | E15: Computer Science
A16: sunita.nair@school.com | B16: =+VLOOKUP(A16,Teacher!$D$3:$F$32,2,) -> Sunita Nair | C16: =VLOOKUP(A16,Teacher!D17:F46,3,2) -> 30 | D16: 1B | E16: Science
A17: sunita.nair@school.com | B17: =+VLOOKUP(A17,Teacher!$D$3:$F$32,2,) -> Sunita Nair | C17: =VLOOKUP(A17,Teacher!D18:F47,3,2) -> 30 | D17: 1B | E17: Chemistry
A18: pooja.mishra@school.com | B18: =+VLOOKUP(A18,Teacher!$D$3:$F$32,2,) -> Pooja Mishra | C18: =VLOOKUP(A18,Teacher!D19:F48,3,2) -> 29 | D18: 1C | E18: Mathematics
... A241: rohan.deshmukh@school.com | B241: =+VLOOKUP(A241,Teacher!$D$3:$F$32,2,) -> Rohan Deshmukh | C241: =VLOOKUP(A241,Teacher!D242:F271,3,2) -> #N/A | D241: 10C | E241: History
